file,line,type,commit,author,date,time,timezone,datetime,depth,length
style.css,1,css,d8b6dec5,r4tangUCSD,2025-01-18,16:35:56,-08:00,2025-01-18T16:35:56-08:00,0,5
style.css,2,css,2f436271,r4tangUCSD,2025-01-25,21:10:14,-08:00,2025-01-25T21:10:14-08:00,0,40
style.css,3,css,fc7c31fa,r4tangUCSD,2025-01-18,16:43:27,-08:00,2025-01-18T16:43:27-08:00,0,33
style.css,4,css,2f436271,r4tangUCSD,2025-01-25,21:10:14,-08:00,2025-01-25T21:10:14-08:00,0,18
style.css,5,css,d8b6dec5,r4tangUCSD,2025-01-18,16:35:56,-08:00,2025-01-18T16:35:56-08:00,0,0
style.css,6,css,d8b6dec5,r4tangUCSD,2025-01-18,16:35:56,-08:00,2025-01-18T16:35:56-08:00,0,0
style.css,7,css,fd4a63ce,r4tangUCSD,2025-01-18,16:16:59,-08:00,2025-01-18T16:16:59-08:00,0,5
style.css,8,css,fd4a63ce,r4tangUCSD,2025-01-18,16:16:59,-08:00,2025-01-18T16:16:59-08:00,0,44
style.css,9,css,fd4a63ce,r4tangUCSD,2025-01-18,16:16:59,-08:00,2025-01-18T16:16:59-08:00,0,43
style.css,10,css,fd4a63ce,r4tangUCSD,2025-01-18,16:16:59,-08:00,2025-01-18T16:16:59-08:00,0,1
style.css,11,css,fd4a63ce,r4tangUCSD,2025-01-18,16:16:59,-08:00,2025-01-18T16:16:59-08:00,0,24
style.css,12,css,fd4a63ce,r4tangUCSD,2025-01-18,16:16:59,-08:00,2025-01-18T16:16:59-08:00,0,16
style.css,13,css,fd4a63ce,r4tangUCSD,2025-01-18,16:16:59,-08:00,2025-01-18T16:16:59-08:00,0,19
style.css,14,css,fd4a63ce,r4tangUCSD,2025-01-18,16:16:59,-08:00,2025-01-18T16:16:59-08:00,0,13
style.css,15,css,fd4a63ce,r4tangUCSD,2025-01-18,16:16:59,-08:00,2025-01-18T16:16:59-08:00,0,0
style.css,16,css,fd4a63ce,r4tangUCSD,2025-01-18,16:16:59,-08:00,2025-01-18T16:16:59-08:00,0,0
style.css,17,css,2f436271,r4tangUCSD,2025-01-25,21:10:14,-08:00,2025-01-25T21:10:14-08:00,0,19
style.css,18,css,2f436271,r4tangUCSD,2025-01-25,21:10:14,-08:00,2025-01-25T21:10:14-08:00,0,18
style.css,19,css,2f436271,r4tangUCSD,2025-01-25,21:10:14,-08:00,2025-01-25T21:10:14-08:00,0,9
style.css,20,css,2f436271,r4tangUCSD,2025-01-25,21:10:14,-08:00,2025-01-25T21:10:14-08:00,0,11
style.css,21,css,2f436271,r4tangUCSD,2025-01-25,21:10:14,-08:00,2025-01-25T21:10:14-08:00,0,14
style.css,22,css,2f436271,r4tangUCSD,2025-01-25,21:10:14,-08:00,2025-01-25T21:10:14-08:00,0,20
style.css,23,css,2f436271,r4tangUCSD,2025-01-25,21:10:14,-08:00,2025-01-25T21:10:14-08:00,0,21
style.css,24,css,2f436271,r4tangUCSD,2025-01-25,21:10:14,-08:00,2025-01-25T21:10:14-08:00,0,0
style.css,25,css,2f436271,r4tangUCSD,2025-01-25,21:10:14,-08:00,2025-01-25T21:10:14-08:00,0,0
style.css,26,css,d8b6dec5,r4tangUCSD,2025-01-18,16:35:56,-08:00,2025-01-18T16:35:56-08:00,0,4
style.css,27,css,d8b6dec5,r4tangUCSD,2025-01-18,16:35:56,-08:00,2025-01-18T16:35:56-08:00,0,13
style.css,28,css,d8b6dec5,r4tangUCSD,2025-01-18,16:35:56,-08:00,2025-01-18T16:35:56-08:00,0,19
style.css,29,css,d8b6dec5,r4tangUCSD,2025-01-18,16:35:56,-08:00,2025-01-18T16:35:56-08:00,0,24
style.css,30,css,d8b6dec5,r4tangUCSD,2025-01-18,16:35:56,-08:00,2025-01-18T16:35:56-08:00,0,26
style.css,31,css,2f436271,r4tangUCSD,2025-01-25,21:10:14,-08:00,2025-01-25T21:10:14-08:00,0,45
style.css,32,css,d8b6dec5,r4tangUCSD,2025-01-18,16:35:56,-08:00,2025-01-18T16:35:56-08:00,0,0
style.css,33,css,d8b6dec5,r4tangUCSD,2025-01-18,16:35:56,-08:00,2025-01-18T16:35:56-08:00,0,0
style.css,34,css,d8b6dec5,r4tangUCSD,2025-01-18,16:35:56,-08:00,2025-01-18T16:35:56-08:00,0,6
style.css,35,css,d8b6dec5,r4tangUCSD,2025-01-18,16:35:56,-08:00,2025-01-18T16:35:56-08:00,0,7
style.css,36,css,d8b6dec5,r4tangUCSD,2025-01-18,16:35:56,-08:00,2025-01-18T16:35:56-08:00,0,21
style.css,37,css,d8b6dec5,r4tangUCSD,2025-01-18,16:35:56,-08:00,2025-01-18T16:35:56-08:00,0,14
style.css,38,css,d8b6dec5,r4tangUCSD,2025-01-18,16:35:56,-08:00,2025-01-18T16:35:56-08:00,0,18
style.css,39,css,d8b6dec5,r4tangUCSD,2025-01-18,16:35:56,-08:00,2025-01-18T16:35:56-08:00,0,14
style.css,40,css,d8b6dec5,r4tangUCSD,2025-01-18,16:35:56,-08:00,2025-01-18T16:35:56-08:00,0,0
style.css,41,css,d8b6dec5,r4tangUCSD,2025-01-18,16:35:56,-08:00,2025-01-18T16:35:56-08:00,0,0
style.css,42,css,fc7c31fa,r4tangUCSD,2025-01-18,16:43:27,-08:00,2025-01-18T16:43:27-08:00,0,12
style.css,43,css,fc7c31fa,r4tangUCSD,2025-01-18,16:43:27,-08:00,2025-01-18T16:43:27-08:00,0,26
style.css,44,css,fc7c31fa,r4tangUCSD,2025-01-18,16:43:27,-08:00,2025-01-18T16:43:27-08:00,0,26
style.css,45,css,fc7c31fa,r4tangUCSD,2025-01-18,16:43:27,-08:00,2025-01-18T16:43:27-08:00,0,40
style.css,46,css,492650e0,r4tangUCSD,2025-01-25,21:15:34,-08:00,2025-01-25T21:15:34-08:00,0,70
style.css,47,css,fc7c31fa,r4tangUCSD,2025-01-18,16:43:27,-08:00,2025-01-18T16:43:27-08:00,0,21
style.css,48,css,fc7c31fa,r4tangUCSD,2025-01-18,16:43:27,-08:00,2025-01-18T16:43:27-08:00,0,0
style.css,49,css,fc7c31fa,r4tangUCSD,2025-01-18,16:43:27,-08:00,2025-01-18T16:43:27-08:00,0,0
style.css,50,css,d8b6dec5,r4tangUCSD,2025-01-18,16:35:56,-08:00,2025-01-18T16:35:56-08:00,0,13
style.css,51,css,d8b6dec5,r4tangUCSD,2025-01-18,16:35:56,-08:00,2025-01-18T16:35:56-08:00,0,26
style.css,52,css,d8b6dec5,r4tangUCSD,2025-01-18,16:35:56,-08:00,2025-01-18T16:35:56-08:00,0,26
style.css,53,css,2f436271,r4tangUCSD,2025-01-25,21:10:14,-08:00,2025-01-25T21:10:14-08:00,0,45
style.css,54,css,d8b6dec5,r4tangUCSD,2025-01-18,16:35:56,-08:00,2025-01-18T16:35:56-08:00,0,21
style.css,55,css,fef3278f,r4tangUCSD,2025-01-18,21:08:28,-08:00,2025-01-18T21:08:28-08:00,0,0
style.css,56,css,fef3278f,r4tangUCSD,2025-01-18,21:08:28,-08:00,2025-01-18T21:08:28-08:00,0,0
style.css,57,css,7791ac8a,r4tangUCSD,2025-01-31,20:08:38,-08:00,2025-01-31T20:08:38-08:00,0,15
style.css,58,css,7791ac8a,r4tangUCSD,2025-01-31,20:08:38,-08:00,2025-01-31T20:08:38-08:00,0,15
style.css,59,css,7791ac8a,r4tangUCSD,2025-01-31,20:08:38,-08:00,2025-01-31T20:08:38-08:00,0,23
style.css,60,css,7791ac8a,r4tangUCSD,2025-01-31,20:08:38,-08:00,2025-01-31T20:08:38-08:00,0,0
style.css,61,css,7791ac8a,r4tangUCSD,2025-01-31,20:08:38,-08:00,2025-01-31T20:08:38-08:00,0,0
style.css,62,css,7791ac8a,r4tangUCSD,2025-01-31,20:08:38,-08:00,2025-01-31T20:08:38-08:00,0,3
style.css,63,css,7791ac8a,r4tangUCSD,2025-01-31,20:08:38,-08:00,2025-01-31T20:08:38-08:00,0,13
style.css,64,css,7791ac8a,r4tangUCSD,2025-01-31,20:08:38,-08:00,2025-01-31T20:08:38-08:00,0,29
style.css,65,css,7791ac8a,r4tangUCSD,2025-01-31,20:08:38,-08:00,2025-01-31T20:08:38-08:00,0,19
style.css,66,css,7791ac8a,r4tangUCSD,2025-01-31,20:08:38,-08:00,2025-01-31T20:08:38-08:00,0,9
style.css,67,css,7791ac8a,r4tangUCSD,2025-01-31,20:08:38,-08:00,2025-01-31T20:08:38-08:00,0,0
style.css,68,css,7791ac8a,r4tangUCSD,2025-01-31,20:08:38,-08:00,2025-01-31T20:08:38-08:00,0,0
style.css,69,css,7791ac8a,r4tangUCSD,2025-01-31,20:08:38,-08:00,2025-01-31T20:08:38-08:00,0,3
style.css,70,css,7791ac8a,r4tangUCSD,2025-01-31,20:08:38,-08:00,2025-01-31T20:08:38-08:00,0,21
style.css,71,css,7791ac8a,r4tangUCSD,2025-01-31,20:08:38,-08:00,2025-01-31T20:08:38-08:00,0,0
style.css,72,css,7791ac8a,r4tangUCSD,2025-01-31,20:08:38,-08:00,2025-01-31T20:08:38-08:00,0,0
style.css,73,css,1a24eb10,r4tangUCSD,2025-02-08,22:58:55,-08:00,2025-02-08T22:58:55-08:00,0,19
style.css,74,css,1a24eb10,r4tangUCSD,2025-02-08,22:58:55,-08:00,2025-02-08T22:58:55-08:00,0,15
style.css,75,css,1a24eb10,r4tangUCSD,2025-02-08,22:58:55,-08:00,2025-02-08T22:58:55-08:00,0,17
style.css,76,css,1a24eb10,r4tangUCSD,2025-02-08,22:58:55,-08:00,2025-02-08T22:58:55-08:00,0,0
style.css,77,css,1a24eb10,r4tangUCSD,2025-02-08,22:58:55,-08:00,2025-02-08T22:58:55-08:00,0,17
style.css,78,css,1a24eb10,r4tangUCSD,2025-02-08,22:58:55,-08:00,2025-02-08T22:58:55-08:00,0,0
style.css,79,css,1a24eb10,r4tangUCSD,2025-02-08,22:58:55,-08:00,2025-02-08T22:58:55-08:00,0,0
style.css,80,css,1a24eb10,r4tangUCSD,2025-02-08,22:58:55,-08:00,2025-02-08T22:58:55-08:00,0,18
style.css,81,css,1a24eb10,r4tangUCSD,2025-02-08,22:58:55,-08:00,2025-02-08T22:58:55-08:00,0,17
style.css,82,css,1a24eb10,r4tangUCSD,2025-02-08,22:58:55,-08:00,2025-02-08T22:58:55-08:00,0,12
style.css,83,css,1a24eb10,r4tangUCSD,2025-02-08,22:58:55,-08:00,2025-02-08T22:58:55-08:00,0,0
style.css,84,css,1a24eb10,r4tangUCSD,2025-02-08,22:58:55,-08:00,2025-02-08T22:58:55-08:00,0,0
style.css,85,css,1a24eb10,r4tangUCSD,2025-02-08,22:58:55,-08:00,2025-02-08T22:58:55-08:00,0,0
style.css,86,css,1a24eb10,r4tangUCSD,2025-02-08,22:58:55,-08:00,2025-02-08T22:58:55-08:00,0,5
style.css,87,css,1a24eb10,r4tangUCSD,2025-02-08,22:58:55,-08:00,2025-02-08T22:58:55-08:00,0,15
style.css,88,css,1a24eb10,r4tangUCSD,2025-02-08,22:58:55,-08:00,2025-02-08T22:58:55-08:00,0,0
style.css,89,css,1a24eb10,r4tangUCSD,2025-02-08,22:58:55,-08:00,2025-02-08T22:58:55-08:00,0,0
style.css,90,css,1a24eb10,r4tangUCSD,2025-02-08,22:58:55,-08:00,2025-02-08T22:58:55-08:00,0,10
style.css,91,css,1a24eb10,r4tangUCSD,2025-02-08,22:58:55,-08:00,2025-02-08T22:58:55-08:00,0,36
style.css,92,css,1a24eb10,r4tangUCSD,2025-02-08,22:58:55,-08:00,2025-02-08T22:58:55-08:00,0,0
style.css,93,css,1a24eb10,r4tangUCSD,2025-02-08,22:58:55,-08:00,2025-02-08T22:58:55-08:00,0,11
style.css,94,css,1a24eb10,r4tangUCSD,2025-02-08,22:58:55,-08:00,2025-02-08T22:58:55-08:00,0,18
style.css,95,css,1a24eb10,r4tangUCSD,2025-02-08,22:58:55,-08:00,2025-02-08T22:58:55-08:00,0,0
style.css,96,css,1a24eb10,r4tangUCSD,2025-02-08,22:58:55,-08:00,2025-02-08T22:58:55-08:00,0,0
style.css,97,css,1a24eb10,r4tangUCSD,2025-02-08,22:58:55,-08:00,2025-02-08T22:58:55-08:00,0,0
style.css,98,css,1a24eb10,r4tangUCSD,2025-02-08,22:58:55,-08:00,2025-02-08T22:58:55-08:00,0,11
style.css,99,css,1a24eb10,r4tangUCSD,2025-02-08,22:58:55,-08:00,2025-02-08T22:58:55-08:00,0,13
style.css,100,css,1a24eb10,r4tangUCSD,2025-02-08,22:58:55,-08:00,2025-02-08T22:58:55-08:00,0,19
style.css,101,css,1a24eb10,r4tangUCSD,2025-02-08,22:58:55,-08:00,2025-02-08T22:58:55-08:00,0,9
style.css,102,css,1a24eb10,r4tangUCSD,2025-02-08,22:58:55,-08:00,2025-02-08T22:58:55-08:00,0,0
style.css,103,css,1a24eb10,r4tangUCSD,2025-02-08,22:58:55,-08:00,2025-02-08T22:58:55-08:00,0,0
style.css,104,css,1a24eb10,r4tangUCSD,2025-02-08,22:58:55,-08:00,2025-02-08T22:58:55-08:00,0,9
style.css,105,css,1a24eb10,r4tangUCSD,2025-02-08,22:58:55,-08:00,2025-02-08T22:58:55-08:00,0,13
style.css,106,css,1a24eb10,r4tangUCSD,2025-02-08,22:58:55,-08:00,2025-02-08T22:58:55-08:00,0,59
style.css,107,css,1a24eb10,r4tangUCSD,2025-02-08,22:58:55,-08:00,2025-02-08T22:58:55-08:00,0,13
style.css,108,css,1a24eb10,r4tangUCSD,2025-02-08,22:58:55,-08:00,2025-02-08T22:58:55-08:00,0,17
style.css,109,css,1a24eb10,r4tangUCSD,2025-02-08,22:58:55,-08:00,2025-02-08T22:58:55-08:00,0,19
style.css,110,css,1a24eb10,r4tangUCSD,2025-02-08,22:58:55,-08:00,2025-02-08T22:58:55-08:00,0,38
style.css,111,css,1a24eb10,r4tangUCSD,2025-02-08,22:58:55,-08:00,2025-02-08T22:58:55-08:00,0,7
style.css,112,css,1a24eb10,r4tangUCSD,2025-02-08,22:58:55,-08:00,2025-02-08T22:58:55-08:00,0,0
style.css,113,css,1a24eb10,r4tangUCSD,2025-02-08,22:58:55,-08:00,2025-02-08T22:58:55-08:00,0,0
style.css,114,css,1a24eb10,r4tangUCSD,2025-02-08,22:58:55,-08:00,2025-02-08T22:58:55-08:00,0,11
style.css,115,css,1a24eb10,r4tangUCSD,2025-02-08,22:58:55,-08:00,2025-02-08T22:58:55-08:00,0,13
style.css,116,css,1a24eb10,r4tangUCSD,2025-02-08,22:58:55,-08:00,2025-02-08T22:58:55-08:00,0,19
style.css,117,css,1a24eb10,r4tangUCSD,2025-02-08,22:58:55,-08:00,2025-02-08T22:58:55-08:00,0,9
style.css,118,css,1a24eb10,r4tangUCSD,2025-02-08,22:58:55,-08:00,2025-02-08T22:58:55-08:00,0,0
style.css,119,css,1a24eb10,r4tangUCSD,2025-02-08,22:58:55,-08:00,2025-02-08T22:58:55-08:00,0,0
style.css,120,css,1a24eb10,r4tangUCSD,2025-02-08,22:58:55,-08:00,2025-02-08T22:58:55-08:00,0,12
style.css,121,css,1a24eb10,r4tangUCSD,2025-02-08,22:58:55,-08:00,2025-02-08T22:58:55-08:00,0,21
style.css,122,css,1a24eb10,r4tangUCSD,2025-02-08,22:58:55,-08:00,2025-02-08T22:58:55-08:00,0,11
style.css,123,css,1a24eb10,r4tangUCSD,2025-02-08,22:58:55,-08:00,2025-02-08T22:58:55-08:00,0,19
style.css,124,css,1a24eb10,r4tangUCSD,2025-02-08,22:58:55,-08:00,2025-02-08T22:58:55-08:00,0,30
style.css,125,css,1a24eb10,r4tangUCSD,2025-02-08,22:58:55,-08:00,2025-02-08T22:58:55-08:00,0,18
style.css,126,css,1a24eb10,r4tangUCSD,2025-02-08,22:58:55,-08:00,2025-02-08T22:58:55-08:00,0,0
style.css,127,css,1a24eb10,r4tangUCSD,2025-02-08,22:58:55,-08:00,2025-02-08T22:58:55-08:00,0,0
style.css,128,css,fef3278f,r4tangUCSD,2025-01-18,21:08:28,-08:00,2025-01-18T21:08:28-08:00,0,10
style.css,129,css,fef3278f,r4tangUCSD,2025-01-18,21:08:28,-08:00,2025-01-18T21:08:28-08:00,0,13
style.css,130,css,fef3278f,r4tangUCSD,2025-01-18,21:08:28,-08:00,2025-01-18T21:08:28-08:00,0,59
style.css,131,css,fef3278f,r4tangUCSD,2025-01-18,21:08:28,-08:00,2025-01-18T21:08:28-08:00,0,8
style.css,132,css,fef3278f,r4tangUCSD,2025-01-18,21:08:28,-08:00,2025-01-18T21:08:28-08:00,0,0
style.css,133,css,fef3278f,r4tangUCSD,2025-01-18,21:08:28,-08:00,2025-01-18T21:08:28-08:00,0,0
style.css,134,css,62493695,r4tangUCSD,2025-01-31,20:28:16,-08:00,2025-01-31T20:28:16-08:00,0,14
style.css,135,css,62493695,r4tangUCSD,2025-01-31,20:28:16,-08:00,2025-01-31T20:28:16-08:00,0,11
style.css,136,css,62493695,r4tangUCSD,2025-01-31,20:28:16,-08:00,2025-01-31T20:28:16-08:00,0,61
style.css,137,css,62493695,r4tangUCSD,2025-01-31,20:28:16,-08:00,2025-01-31T20:28:16-08:00,0,0
style.css,138,css,62493695,r4tangUCSD,2025-01-31,20:28:16,-08:00,2025-01-31T20:28:16-08:00,0,0
style.css,139,css,1a24eb10,r4tangUCSD,2025-02-08,22:58:55,-08:00,2025-02-08T22:58:55-08:00,0,17
style.css,140,css,1a24eb10,r4tangUCSD,2025-02-08,22:58:55,-08:00,2025-02-08T22:58:55-08:00,0,45
style.css,141,css,1a24eb10,r4tangUCSD,2025-02-08,22:58:55,-08:00,2025-02-08T22:58:55-08:00,0,0
style.css,142,css,1a24eb10,r4tangUCSD,2025-02-08,22:58:55,-08:00,2025-02-08T22:58:55-08:00,0,0
style.css,143,css,fef3278f,r4tangUCSD,2025-01-18,21:08:28,-08:00,2025-01-18T21:08:28-08:00,0,23
style.css,144,css,fef3278f,r4tangUCSD,2025-01-18,21:08:28,-08:00,2025-01-18T21:08:28-08:00,0,16
style.css,145,css,fef3278f,r4tangUCSD,2025-01-18,21:08:28,-08:00,2025-01-18T21:08:28-08:00,0,18
style.css,146,css,fef3278f,r4tangUCSD,2025-01-18,21:08:28,-08:00,2025-01-18T21:08:28-08:00,0,0
style.css,147,css,fef3278f,r4tangUCSD,2025-01-18,21:08:28,-08:00,2025-01-18T21:08:28-08:00,0,0
style.css,148,css,fef3278f,r4tangUCSD,2025-01-18,21:08:28,-08:00,2025-01-18T21:08:28-08:00,0,3
style.css,149,css,fef3278f,r4tangUCSD,2025-01-18,21:08:28,-08:00,2025-01-18T21:08:28-08:00,0,14
style.css,150,css,fef3278f,r4tangUCSD,2025-01-18,21:08:28,-08:00,2025-01-18T21:08:28-08:00,0,0
style.css,151,css,fef3278f,r4tangUCSD,2025-01-18,21:08:28,-08:00,2025-01-18T21:08:28-08:00,0,0
style.css,152,css,fef3278f,r4tangUCSD,2025-01-18,21:08:28,-08:00,2025-01-18T21:08:28-08:00,0,8
style.css,153,css,fef3278f,r4tangUCSD,2025-01-18,21:08:28,-08:00,2025-01-18T21:08:28-08:00,0,27
style.css,154,css,fef3278f,r4tangUCSD,2025-01-18,21:08:28,-08:00,2025-01-18T21:08:28-08:00,0,16
style.css,155,css,fef3278f,r4tangUCSD,2025-01-18,21:08:28,-08:00,2025-01-18T21:08:28-08:00,0,0
style.css,156,css,fef3278f,r4tangUCSD,2025-01-18,21:08:28,-08:00,2025-01-18T21:08:28-08:00,0,0
style.css,157,css,fef3278f,r4tangUCSD,2025-01-18,21:08:28,-08:00,2025-01-18T21:08:28-08:00,0,11
style.css,158,css,fef3278f,r4tangUCSD,2025-01-18,21:08:28,-08:00,2025-01-18T21:08:28-08:00,0,9
style.css,159,css,fef3278f,r4tangUCSD,2025-01-18,21:08:28,-08:00,2025-01-18T21:08:28-08:00,0,0
style.css,160,css,fef3278f,r4tangUCSD,2025-01-18,21:08:28,-08:00,2025-01-18T21:08:28-08:00,0,0
style.css,161,css,fef3278f,r4tangUCSD,2025-01-18,21:08:28,-08:00,2025-01-18T21:08:28-08:00,0,5
style.css,162,css,fef3278f,r4tangUCSD,2025-01-18,21:08:28,-08:00,2025-01-18T21:08:28-08:00,0,13
style.css,163,css,fef3278f,r4tangUCSD,2025-01-18,21:08:28,-08:00,2025-01-18T21:08:28-08:00,0,31
style.css,164,css,fef3278f,r4tangUCSD,2025-01-18,21:08:28,-08:00,2025-01-18T21:08:28-08:00,0,0
style.css,165,css,fef3278f,r4tangUCSD,2025-01-18,21:08:28,-08:00,2025-01-18T21:08:28-08:00,0,0
style.css,166,css,fef3278f,r4tangUCSD,2025-01-18,21:08:28,-08:00,2025-01-18T21:08:28-08:00,0,6
style.css,167,css,fef3278f,r4tangUCSD,2025-01-18,21:08:28,-08:00,2025-01-18T21:08:28-08:00,0,13
style.css,168,css,fef3278f,r4tangUCSD,2025-01-18,21:08:28,-08:00,2025-01-18T21:08:28-08:00,0,13
style.css,169,css,fef3278f,r4tangUCSD,2025-01-18,21:08:28,-08:00,2025-01-18T21:08:28-08:00,0,30
style.css,170,css,fef3278f,r4tangUCSD,2025-01-18,21:08:28,-08:00,2025-01-18T21:08:28-08:00,0,8
style.css,171,css,fef3278f,r4tangUCSD,2025-01-18,21:08:28,-08:00,2025-01-18T21:08:28-08:00,0,0
style.css,172,css,fef3278f,r4tangUCSD,2025-01-18,21:08:28,-08:00,2025-01-18T21:08:28-08:00,0,0
style.css,173,css,fef3278f,r4tangUCSD,2025-01-18,21:08:28,-08:00,2025-01-18T21:08:28-08:00,0,13
style.css,174,css,fef3278f,r4tangUCSD,2025-01-18,21:08:28,-08:00,2025-01-18T21:08:28-08:00,0,19
style.css,175,css,ac522802,r4tangUCSD,2025-01-18,21:41:31,-08:00,2025-01-18T21:41:31-08:00,0,0
style.css,176,css,ac522802,r4tangUCSD,2025-01-18,21:41:31,-08:00,2025-01-18T21:41:31-08:00,0,0
style.css,177,css,ac522802,r4tangUCSD,2025-01-18,21:41:31,-08:00,2025-01-18T21:41:31-08:00,0,7
style.css,178,css,ac522802,r4tangUCSD,2025-01-18,21:41:31,-08:00,2025-01-18T21:41:31-08:00,0,18
style.css,179,css,ac522802,r4tangUCSD,2025-01-18,21:41:31,-08:00,2025-01-18T21:41:31-08:00,0,19
style.css,180,css,ac522802,r4tangUCSD,2025-01-18,21:41:31,-08:00,2025-01-18T21:41:31-08:00,0,40
style.css,181,css,ac522802,r4tangUCSD,2025-01-18,21:41:31,-08:00,2025-01-18T21:41:31-08:00,0,26
style.css,182,css,ac522802,r4tangUCSD,2025-01-18,21:41:31,-08:00,2025-01-18T21:41:31-08:00,0,26
style.css,183,css,ac522802,r4tangUCSD,2025-01-18,21:41:31,-08:00,2025-01-18T21:41:31-08:00,0,18
style.css,184,css,ac522802,r4tangUCSD,2025-01-18,21:41:31,-08:00,2025-01-18T21:41:31-08:00,0,0
style.css,185,css,ac522802,r4tangUCSD,2025-01-18,21:41:31,-08:00,2025-01-18T21:41:31-08:00,0,0
style.css,186,css,ac522802,r4tangUCSD,2025-01-18,21:41:31,-08:00,2025-01-18T21:41:31-08:00,0,9
style.css,187,css,ac522802,r4tangUCSD,2025-01-18,21:41:31,-08:00,2025-01-18T21:41:31-08:00,0,21
style.css,188,css,ac522802,r4tangUCSD,2025-01-18,21:41:31,-08:00,2025-01-18T21:41:31-08:00,0,26
style.css,189,css,ac522802,r4tangUCSD,2025-01-18,21:41:31,-08:00,2025-01-18T21:41:31-08:00,0,0
style.css,190,css,ac522802,r4tangUCSD,2025-01-18,21:41:31,-08:00,2025-01-18T21:41:31-08:00,0,0
style.css,191,css,ac522802,r4tangUCSD,2025-01-18,21:41:31,-08:00,2025-01-18T21:41:31-08:00,0,15
style.css,192,css,492650e0,r4tangUCSD,2025-01-25,21:15:34,-08:00,2025-01-25T21:15:34-08:00,0,70
style.css,193,css,ac522802,r4tangUCSD,2025-01-18,21:41:31,-08:00,2025-01-18T21:41:31-08:00,0,0
style.css,194,css,ac522802,r4tangUCSD,2025-01-18,21:41:31,-08:00,2025-01-18T21:41:31-08:00,0,0
style.css,195,css,ac522802,r4tangUCSD,2025-01-18,21:41:31,-08:00,2025-01-18T21:41:31-08:00,0,13
style.css,196,css,ac522802,r4tangUCSD,2025-01-18,21:41:31,-08:00,2025-01-18T21:41:31-08:00,0,13
style.css,197,css,ac522802,r4tangUCSD,2025-01-18,21:41:31,-08:00,2025-01-18T21:41:31-08:00,0,19
style.css,198,css,ac522802,r4tangUCSD,2025-01-18,21:41:31,-08:00,2025-01-18T21:41:31-08:00,0,0
style.css,199,css,ac522802,r4tangUCSD,2025-01-18,21:41:31,-08:00,2025-01-18T21:41:31-08:00,0,0
style.css,200,css,ac522802,r4tangUCSD,2025-01-18,21:41:31,-08:00,2025-01-18T21:41:31-08:00,0,8
style.css,201,css,ac522802,r4tangUCSD,2025-01-18,21:41:31,-08:00,2025-01-18T21:41:31-08:00,0,7
style.css,202,css,ac522802,r4tangUCSD,2025-01-18,21:41:31,-08:00,2025-01-18T21:41:31-08:00,0,11
style.css,203,css,ac522802,r4tangUCSD,2025-01-18,21:41:31,-08:00,2025-01-18T21:41:31-08:00,0,0
style.css,204,css,ac522802,r4tangUCSD,2025-01-18,21:41:31,-08:00,2025-01-18T21:41:31-08:00,0,0
style.css,205,css,ac522802,r4tangUCSD,2025-01-18,21:41:31,-08:00,2025-01-18T21:41:31-08:00,0,12
style.css,206,css,ac522802,r4tangUCSD,2025-01-18,21:41:31,-08:00,2025-01-18T21:41:31-08:00,0,18
style.css,207,css,492650e0,r4tangUCSD,2025-01-25,21:15:34,-08:00,2025-01-25T21:15:34-08:00,0,70
style.css,208,css,ac522802,r4tangUCSD,2025-01-18,21:41:31,-08:00,2025-01-18T21:41:31-08:00,0,14
style.css,209,css,ac522802,r4tangUCSD,2025-01-18,21:41:31,-08:00,2025-01-18T21:41:31-08:00,0,0
style.css,210,css,ac522802,r4tangUCSD,2025-01-18,21:41:31,-08:00,2025-01-18T21:41:31-08:00,0,0
style.css,211,css,ac522802,r4tangUCSD,2025-01-18,21:41:31,-08:00,2025-01-18T21:41:31-08:00,0,15
style.css,212,css,ac522802,r4tangUCSD,2025-01-18,21:41:31,-08:00,2025-01-18T21:41:31-08:00,0,16
style.css,213,css,ac522802,r4tangUCSD,2025-01-18,21:41:31,-08:00,2025-01-18T21:41:31-08:00,0,18
style.css,214,css,ac522802,r4tangUCSD,2025-01-18,21:41:31,-08:00,2025-01-18T21:41:31-08:00,0,0
index.js,1,js,7791ac8a,r4tangUCSD,2025-01-31,20:08:38,-08:00,2025-01-31T20:08:38-08:00,0,71
index.js,2,js,aefd8084,r4tangUCSD,2025-01-31,19:22:28,-08:00,2025-01-31T19:22:28-08:00,0,0
index.js,3,js,aefd8084,r4tangUCSD,2025-01-31,19:22:28,-08:00,2025-01-31T19:22:28-08:00,0,55
index.js,4,js,7791ac8a,r4tangUCSD,2025-01-31,20:08:38,-08:00,2025-01-31T20:08:38-08:00,0,0
index.js,5,js,7791ac8a,r4tangUCSD,2025-01-31,20:08:38,-08:00,2025-01-31T20:08:38-08:00,0,43
index.js,6,js,7791ac8a,r4tangUCSD,2025-01-31,20:08:38,-08:00,2025-01-31T20:08:38-08:00,0,61
index.js,7,js,7791ac8a,r4tangUCSD,2025-01-31,20:08:38,-08:00,2025-01-31T20:08:38-08:00,0,0
index.js,8,js,7791ac8a,r4tangUCSD,2025-01-31,20:08:38,-08:00,2025-01-31T20:08:38-08:00,0,54
index.js,9,js,7791ac8a,r4tangUCSD,2025-01-31,20:08:38,-08:00,2025-01-31T20:08:38-08:00,0,61
index.js,10,js,7791ac8a,r4tangUCSD,2025-01-31,20:08:38,-08:00,2025-01-31T20:08:38-08:00,0,0
index.js,11,js,7791ac8a,r4tangUCSD,2025-01-31,20:08:38,-08:00,2025-01-31T20:08:38-08:00,0,18
index.js,12,js,7791ac8a,r4tangUCSD,2025-01-31,20:08:38,-08:00,2025-01-31T20:08:38-08:00,0,25
index.js,13,js,7791ac8a,r4tangUCSD,2025-01-31,20:08:38,-08:00,2025-01-31T20:08:38-08:00,0,3
index.js,14,js,7791ac8a,r4tangUCSD,2025-01-31,20:08:38,-08:00,2025-01-31T20:08:38-08:00,0,56
index.js,15,js,7791ac8a,r4tangUCSD,2025-01-31,20:08:38,-08:00,2025-01-31T20:08:38-08:00,0,56
index.js,16,js,7791ac8a,r4tangUCSD,2025-01-31,20:08:38,-08:00,2025-01-31T20:08:38-08:00,0,50
index.js,17,js,7791ac8a,r4tangUCSD,2025-01-31,20:08:38,-08:00,2025-01-31T20:08:38-08:00,0,50
index.js,18,js,7791ac8a,r4tangUCSD,2025-01-31,20:08:38,-08:00,2025-01-31T20:08:38-08:00,0,4
index.js,19,js,7791ac8a,r4tangUCSD,2025-01-31,20:08:38,-08:00,2025-01-31T20:08:38-08:00,0,1
index.js,20,js,7791ac8a,r4tangUCSD,2025-01-31,20:08:38,-08:00,2025-01-31T20:08:38-08:00,0,0
index.js,21,js,7791ac8a,r4tangUCSD,2025-01-31,20:08:38,-08:00,2025-01-31T20:08:38-08:00,0,0
index.js,22,js,7791ac8a,r4tangUCSD,2025-01-31,20:08:38,-08:00,2025-01-31T20:08:38-08:00,0,55
index.js,23,js,7791ac8a,r4tangUCSD,2025-01-31,20:08:38,-08:00,2025-01-31T20:08:38-08:00,0,0
index.html,1,html,7d713f81,r4tangUCSD,2025-01-10,19:19:06,-08:00,2025-01-10T19:19:06-08:00,0,14
index.html,2,html,2f436271,r4tangUCSD,2025-01-25,21:10:14,-08:00,2025-01-25T21:10:14-08:00,0,28
index.html,3,html,7d713f81,r4tangUCSD,2025-01-10,19:19:06,-08:00,2025-01-10T19:19:06-08:00,0,5
index.html,4,html,7d713f81,r4tangUCSD,2025-01-10,19:19:06,-08:00,2025-01-10T19:19:06-08:00,0,21
index.html,5,html,7d713f81,r4tangUCSD,2025-01-10,19:19:06,-08:00,2025-01-10T19:19:06-08:00,0,69
index.html,6,html,7d713f81,r4tangUCSD,2025-01-10,19:19:06,-08:00,2025-01-10T19:19:06-08:00,0,52
index.html,7,html,a9301b4c,r4tangUCSD,2025-01-10,20:01:30,-08:00,2025-01-10T20:01:30-08:00,0,39
index.html,8,html,0b930397,r4tangUCSD,2025-01-25,19:54:34,-08:00,2025-01-25T19:54:34-08:00,0,46
index.html,9,html,7791ac8a,r4tangUCSD,2025-01-31,20:08:38,-08:00,2025-01-31T20:08:38-08:00,0,51
index.html,10,html,7d713f81,r4tangUCSD,2025-01-10,19:19:06,-08:00,2025-01-10T19:19:06-08:00,0,6
index.html,11,html,7d713f81,r4tangUCSD,2025-01-10,19:19:06,-08:00,2025-01-10T19:19:06-08:00,0,5
index.html,12,html,7d713f81,r4tangUCSD,2025-01-10,19:19:06,-08:00,2025-01-10T19:19:06-08:00,0,17
index.html,13,html,fd4a63ce,r4tangUCSD,2025-01-18,16:16:59,-08:00,2025-01-18T16:16:59-08:00,0,362
index.html,14,html,a9301b4c,r4tangUCSD,2025-01-10,20:01:30,-08:00,2025-01-10T20:01:30-08:00,0,60
index.html,15,html,db3b33b4,r4tangUCSD,2025-01-10,20:32:36,-08:00,2025-01-10T20:32:36-08:00,0,101
index.html,16,html,7791ac8a,r4tangUCSD,2025-01-31,20:08:38,-08:00,2025-01-31T20:08:38-08:00,0,23
index.html,17,html,7791ac8a,r4tangUCSD,2025-01-31,20:08:38,-08:00,2025-01-31T20:08:38-08:00,0,21
index.html,18,html,7791ac8a,r4tangUCSD,2025-01-31,20:08:38,-08:00,2025-01-31T20:08:38-08:00,0,50
index.html,19,html,7791ac8a,r4tangUCSD,2025-01-31,20:08:38,-08:00,2025-01-31T20:08:38-08:00,0,5
index.html,20,html,7791ac8a,r4tangUCSD,2025-01-31,20:08:38,-08:00,2025-01-31T20:08:38-08:00,0,32
index.html,21,html,7d713f81,r4tangUCSD,2025-01-10,19:19:06,-08:00,2025-01-10T19:19:06-08:00,0,6
index.html,22,html,7d713f81,r4tangUCSD,2025-01-10,19:19:06,-08:00,2025-01-10T19:19:06-08:00,0,6
global.js,1,js,0b930397,r4tangUCSD,2025-01-25,19:54:34,-08:00,2025-01-25T19:54:34-08:00,0,26
global.js,2,js,0b930397,r4tangUCSD,2025-01-25,19:54:34,-08:00,2025-01-25T19:54:34-08:00,0,0
global.js,3,js,0b930397,r4tangUCSD,2025-01-25,19:54:34,-08:00,2025-01-25T19:54:34-08:00,0,42
global.js,4,js,0b930397,r4tangUCSD,2025-01-25,19:54:34,-08:00,2025-01-25T19:54:34-08:00,0,53
global.js,5,js,0b930397,r4tangUCSD,2025-01-25,19:54:34,-08:00,2025-01-25T19:54:34-08:00,0,0
global.js,6,js,0b930397,r4tangUCSD,2025-01-25,19:54:34,-08:00,2025-01-25T19:54:34-08:00,0,0
global.js,7,js,0b930397,r4tangUCSD,2025-01-25,19:54:34,-08:00,2025-01-25T19:54:34-08:00,0,25
global.js,8,js,0b930397,r4tangUCSD,2025-01-25,19:54:34,-08:00,2025-01-25T19:54:34-08:00,0,31
global.js,9,js,0b930397,r4tangUCSD,2025-01-25,19:54:34,-08:00,2025-01-25T19:54:34-08:00,0,66
global.js,10,js,0b930397,r4tangUCSD,2025-01-25,19:54:34,-08:00,2025-01-25T19:54:34-08:00,0,1
global.js,11,js,0b930397,r4tangUCSD,2025-01-25,19:54:34,-08:00,2025-01-25T19:54:34-08:00,0,0
global.js,12,js,0b930397,r4tangUCSD,2025-01-25,19:54:34,-08:00,2025-01-25T19:54:34-08:00,0,17
global.js,13,js,0b930397,r4tangUCSD,2025-01-25,19:54:34,-08:00,2025-01-25T19:54:34-08:00,0,36
global.js,14,js,0b930397,r4tangUCSD,2025-01-25,19:54:34,-08:00,2025-01-25T19:54:34-08:00,0,0
global.js,15,js,0b930397,r4tangUCSD,2025-01-25,19:54:34,-08:00,2025-01-25T19:54:34-08:00,0,0
global.js,16,js,0b930397,r4tangUCSD,2025-01-25,19:54:34,-08:00,2025-01-25T19:54:34-08:00,0,12
global.js,17,js,0b930397,r4tangUCSD,2025-01-25,19:54:34,-08:00,2025-01-25T19:54:34-08:00,0,25
global.js,18,js,0b930397,r4tangUCSD,2025-01-25,19:54:34,-08:00,2025-01-25T19:54:34-08:00,0,38
global.js,19,js,0b930397,r4tangUCSD,2025-01-25,19:54:34,-08:00,2025-01-25T19:54:34-08:00,0,36
global.js,20,js,2f436271,r4tangUCSD,2025-01-25,21:10:14,-08:00,2025-01-25T21:10:14-08:00,0,34
global.js,21,js,00000000,Not Committed Yet,2025-02-14,17:57:05,-08:00,2025-02-14T17:57:05-08:00,0,30
global.js,22,js,2f436271,r4tangUCSD,2025-01-25,21:10:14,-08:00,2025-01-25T21:10:14-08:00,0,55
global.js,23,js,0b930397,r4tangUCSD,2025-01-25,19:54:34,-08:00,2025-01-25T19:54:34-08:00,0,1
global.js,24,js,0b930397,r4tangUCSD,2025-01-25,19:54:34,-08:00,2025-01-25T19:54:34-08:00,0,0
global.js,25,js,0b930397,r4tangUCSD,2025-01-25,19:54:34,-08:00,2025-01-25T19:54:34-08:00,0,39
global.js,26,js,0b930397,r4tangUCSD,2025-01-25,19:54:34,-08:00,2025-01-25T19:54:34-08:00,0,25
global.js,27,js,0b930397,r4tangUCSD,2025-01-25,19:54:34,-08:00,2025-01-25T19:54:34-08:00,0,0
global.js,28,js,2f436271,r4tangUCSD,2025-01-25,21:10:14,-08:00,2025-01-25T21:10:14-08:00,0,71
global.js,29,js,2f436271,r4tangUCSD,2025-01-25,21:10:14,-08:00,2025-01-25T21:10:14-08:00,0,0
global.js,30,js,0b930397,r4tangUCSD,2025-01-25,19:54:34,-08:00,2025-01-25T19:54:34-08:00,0,21
global.js,31,js,0b930397,r4tangUCSD,2025-01-25,19:54:34,-08:00,2025-01-25T19:54:34-08:00,0,15
global.js,32,js,0b930397,r4tangUCSD,2025-01-25,19:54:34,-08:00,2025-01-25T19:54:34-08:00,0,19
global.js,33,js,2f436271,r4tangUCSD,2025-01-25,21:10:14,-08:00,2025-01-25T21:10:14-08:00,0,0
global.js,34,js,2f436271,r4tangUCSD,2025-01-25,21:10:14,-08:00,2025-01-25T21:10:14-08:00,0,45
global.js,35,js,2f436271,r4tangUCSD,2025-01-25,21:10:14,-08:00,2025-01-25T21:10:14-08:00,0,17
global.js,36,js,2f436271,r4tangUCSD,2025-01-25,21:10:14,-08:00,2025-01-25T21:10:14-08:00,0,0
global.js,37,js,2f436271,r4tangUCSD,2025-01-25,21:10:14,-08:00,2025-01-25T21:10:14-08:00,0,0
global.js,38,js,2f436271,r4tangUCSD,2025-01-25,21:10:14,-08:00,2025-01-25T21:10:14-08:00,0,35
global.js,39,js,2f436271,r4tangUCSD,2025-01-25,21:10:14,-08:00,2025-01-25T21:10:14-08:00,0,12
global.js,40,js,2f436271,r4tangUCSD,2025-01-25,21:10:14,-08:00,2025-01-25T21:10:14-08:00,0,21
global.js,41,js,2f436271,r4tangUCSD,2025-01-25,21:10:14,-08:00,2025-01-25T21:10:14-08:00,0,66
global.js,42,js,2f436271,r4tangUCSD,2025-01-25,21:10:14,-08:00,2025-01-25T21:10:14-08:00,0,26
global.js,43,js,2f436271,r4tangUCSD,2025-01-25,21:10:14,-08:00,2025-01-25T21:10:14-08:00,0,0
global.js,44,js,2f436271,r4tangUCSD,2025-01-25,21:10:14,-08:00,2025-01-25T21:10:14-08:00,0,30
global.js,45,js,2f436271,r4tangUCSD,2025-01-25,21:10:14,-08:00,2025-01-25T21:10:14-08:00,0,19
global.js,46,js,2f436271,r4tangUCSD,2025-01-25,21:10:14,-08:00,2025-01-25T21:10:14-08:00,0,0
global.js,47,js,2f436271,r4tangUCSD,2025-01-25,21:10:14,-08:00,2025-01-25T21:10:14-08:00,0,0
global.js,48,js,2f436271,r4tangUCSD,2025-01-25,21:10:14,-08:00,2025-01-25T21:10:14-08:00,0,13
global.js,49,js,0b930397,r4tangUCSD,2025-01-25,19:54:34,-08:00,2025-01-25T19:54:34-08:00,0,0
global.js,50,js,2f436271,r4tangUCSD,2025-01-25,21:10:14,-08:00,2025-01-25T21:10:14-08:00,0,0
global.js,51,js,2f436271,r4tangUCSD,2025-01-25,21:10:14,-08:00,2025-01-25T21:10:14-08:00,0,35
global.js,52,js,2f436271,r4tangUCSD,2025-01-25,21:10:14,-08:00,2025-01-25T21:10:14-08:00,0,84
global.js,53,js,2f436271,r4tangUCSD,2025-01-25,21:10:14,-08:00,2025-01-25T21:10:14-08:00,0,0
global.js,54,js,2f436271,r4tangUCSD,2025-01-25,21:10:14,-08:00,2025-01-25T21:10:14-08:00,0,0
global.js,55,js,2f436271,r4tangUCSD,2025-01-25,21:10:14,-08:00,2025-01-25T21:10:14-08:00,0,32
global.js,56,js,2f436271,r4tangUCSD,2025-01-25,21:10:14,-08:00,2025-01-25T21:10:14-08:00,0,12
global.js,57,js,2f436271,r4tangUCSD,2025-01-25,21:10:14,-08:00,2025-01-25T21:10:14-08:00,0,0
global.js,58,js,2f436271,r4tangUCSD,2025-01-25,21:10:14,-08:00,2025-01-25T21:10:14-08:00,1,27
global.js,59,js,2f436271,r4tangUCSD,2025-01-25,21:10:14,-08:00,2025-01-25T21:10:14-08:00,2,5
global.js,60,js,2f436271,r4tangUCSD,2025-01-25,21:10:14,-08:00,2025-01-25T21:10:14-08:00,2,7
global.js,61,js,2f436271,r4tangUCSD,2025-01-25,21:10:14,-08:00,2025-01-25T21:10:14-08:00,3,25
global.js,62,js,2f436271,r4tangUCSD,2025-01-25,21:10:14,-08:00,2025-01-25T21:10:14-08:00,0,21
global.js,63,js,2f436271,r4tangUCSD,2025-01-25,21:10:14,-08:00,2025-01-25T21:10:14-08:00,0,20
global.js,64,js,2f436271,r4tangUCSD,2025-01-25,21:10:14,-08:00,2025-01-25T21:10:14-08:00,2,8
global.js,65,js,2f436271,r4tangUCSD,2025-01-25,21:10:14,-08:00,2025-01-25T21:10:14-08:00,1,8
global.js,66,js,2f436271,r4tangUCSD,2025-01-25,21:10:14,-08:00,2025-01-25T21:10:14-08:00,0,1
global.js,67,js,2f436271,r4tangUCSD,2025-01-25,21:10:14,-08:00,2025-01-25T21:10:14-08:00,0,0
global.js,68,js,2f436271,r4tangUCSD,2025-01-25,21:10:14,-08:00,2025-01-25T21:10:14-08:00,0,45
global.js,69,js,2f436271,r4tangUCSD,2025-01-25,21:10:14,-08:00,2025-01-25T21:10:14-08:00,0,50
global.js,70,js,2f436271,r4tangUCSD,2025-01-25,21:10:14,-08:00,2025-01-25T21:10:14-08:00,0,58
global.js,71,js,2f436271,r4tangUCSD,2025-01-25,21:10:14,-08:00,2025-01-25T21:10:14-08:00,0,78
global.js,72,js,2f436271,r4tangUCSD,2025-01-25,21:10:14,-08:00,2025-01-25T21:10:14-08:00,0,45
global.js,73,js,aefd8084,r4tangUCSD,2025-01-31,19:22:28,-08:00,2025-01-31T19:22:28-08:00,0,2
global.js,74,js,aefd8084,r4tangUCSD,2025-01-31,19:22:28,-08:00,2025-01-31T19:22:28-08:00,0,0
global.js,75,js,aefd8084,r4tangUCSD,2025-01-31,19:22:28,-08:00,2025-01-31T19:22:28-08:00,0,37
global.js,76,js,aefd8084,r4tangUCSD,2025-01-31,19:22:28,-08:00,2025-01-31T19:22:28-08:00,0,4
global.js,77,js,aefd8084,r4tangUCSD,2025-01-31,19:22:28,-08:00,2025-01-31T19:22:28-08:00,0,40
global.js,78,js,aefd8084,r4tangUCSD,2025-01-31,19:22:28,-08:00,2025-01-31T19:22:28-08:00,0,33
global.js,79,js,aefd8084,r4tangUCSD,2025-01-31,19:22:28,-08:00,2025-01-31T19:22:28-08:00,0,18
global.js,80,js,aefd8084,r4tangUCSD,2025-01-31,19:22:28,-08:00,2025-01-31T19:22:28-08:00,0,67
global.js,81,js,aefd8084,r4tangUCSD,2025-01-31,19:22:28,-08:00,2025-01-31T19:22:28-08:00,0,0
global.js,82,js,aefd8084,r4tangUCSD,2025-01-31,19:22:28,-08:00,2025-01-31T19:22:28-08:00,0,34
global.js,83,js,aefd8084,r4tangUCSD,2025-01-31,19:22:28,-08:00,2025-01-31T19:22:28-08:00,0,11
global.js,84,js,aefd8084,r4tangUCSD,2025-01-31,19:22:28,-08:00,2025-01-31T19:22:28-08:00,0,0
global.js,85,js,aefd8084,r4tangUCSD,2025-01-31,19:22:28,-08:00,2025-01-31T19:22:28-08:00,0,0
global.js,86,js,aefd8084,r4tangUCSD,2025-01-31,19:22:28,-08:00,2025-01-31T19:22:28-08:00,0,16
global.js,87,js,aefd8084,r4tangUCSD,2025-01-31,19:22:28,-08:00,2025-01-31T19:22:28-08:00,0,60
global.js,88,js,aefd8084,r4tangUCSD,2025-01-31,19:22:28,-08:00,2025-01-31T19:22:28-08:00,0,0
global.js,89,js,aefd8084,r4tangUCSD,2025-01-31,19:22:28,-08:00,2025-01-31T19:22:28-08:00,0,0
global.js,90,js,aefd8084,r4tangUCSD,2025-01-31,19:22:28,-08:00,2025-01-31T19:22:28-08:00,0,0
global.js,91,js,aefd8084,r4tangUCSD,2025-01-31,19:22:28,-08:00,2025-01-31T19:22:28-08:00,0,78
global.js,92,js,aefd8084,r4tangUCSD,2025-01-31,19:22:28,-08:00,2025-01-31T19:22:28-08:00,0,31
global.js,93,js,aefd8084,r4tangUCSD,2025-01-31,19:22:28,-08:00,2025-01-31T19:22:28-08:00,0,0
global.js,94,js,aefd8084,r4tangUCSD,2025-01-31,19:22:28,-08:00,2025-01-31T19:22:28-08:00,0,0
global.js,95,js,aefd8084,r4tangUCSD,2025-01-31,19:22:28,-08:00,2025-01-31T19:22:28-08:00,0,28
global.js,96,js,aefd8084,r4tangUCSD,2025-01-31,19:22:28,-08:00,2025-01-31T19:22:28-08:00,0,49
global.js,97,js,aefd8084,r4tangUCSD,2025-01-31,19:22:28,-08:00,2025-01-31T19:22:28-08:00,0,20
global.js,98,js,aefd8084,r4tangUCSD,2025-01-31,19:22:28,-08:00,2025-01-31T19:22:28-08:00,0,24
global.js,99,js,aefd8084,r4tangUCSD,2025-01-31,19:22:28,-08:00,2025-01-31T19:22:28-08:00,0,50
global.js,100,js,aefd8084,r4tangUCSD,2025-01-31,19:22:28,-08:00,2025-01-31T19:22:28-08:00,0,28
global.js,101,js,1a24eb10,r4tangUCSD,2025-02-08,22:58:55,-08:00,2025-02-08T22:58:55-08:00,0,34
global.js,102,js,aefd8084,r4tangUCSD,2025-01-31,19:22:28,-08:00,2025-01-31T19:22:28-08:00,0,1
global.js,103,js,aefd8084,r4tangUCSD,2025-01-31,19:22:28,-08:00,2025-01-31T19:22:28-08:00,0,37
global.js,104,js,aefd8084,r4tangUCSD,2025-01-31,19:22:28,-08:00,2025-01-31T19:22:28-08:00,0,2
global.js,105,js,aefd8084,r4tangUCSD,2025-01-31,19:22:28,-08:00,2025-01-31T19:22:28-08:00,0,0
global.js,106,js,aefd8084,r4tangUCSD,2025-01-31,19:22:28,-08:00,2025-01-31T19:22:28-08:00,0,0
global.js,107,js,aefd8084,r4tangUCSD,2025-01-31,19:22:28,-08:00,2025-01-31T19:22:28-08:00,0,45
global.js,108,js,aefd8084,r4tangUCSD,2025-01-31,19:22:28,-08:00,2025-01-31T19:22:28-08:00,0,0
global.js,109,js,aefd8084,r4tangUCSD,2025-01-31,19:22:28,-08:00,2025-01-31T19:22:28-08:00,0,62
global.js,110,js,aefd8084,r4tangUCSD,2025-01-31,19:22:28,-08:00,2025-01-31T19:22:28-08:00,0,18
global.js,111,js,aefd8084,r4tangUCSD,2025-01-31,19:22:28,-08:00,2025-01-31T19:22:28-08:00,0,58
global.js,112,js,aefd8084,r4tangUCSD,2025-01-31,19:22:28,-08:00,2025-01-31T19:22:28-08:00,0,0
global.js,113,js,aefd8084,r4tangUCSD,2025-01-31,19:22:28,-08:00,2025-01-31T19:22:28-08:00,0,0
global.js,114,js,aefd8084,r4tangUCSD,2025-01-31,19:22:28,-08:00,2025-01-31T19:22:28-08:00,0,0
global.js,115,js,7791ac8a,r4tangUCSD,2025-01-31,20:08:38,-08:00,2025-01-31T20:08:38-08:00,0,48
global.js,116,js,7791ac8a,r4tangUCSD,2025-01-31,20:08:38,-08:00,2025-01-31T20:08:38-08:00,0,60
global.js,117,js,7791ac8a,r4tangUCSD,2025-01-31,20:08:38,-08:00,2025-01-31T20:08:38-08:00,0,0
global.js,118,js,7791ac8a,r4tangUCSD,2025-01-31,20:08:38,-08:00,2025-01-31T20:08:38-08:00,0,0
resume\index.html,1,html,a99d4876,r4tangUCSD,2025-01-10,21:00:37,-08:00,2025-01-10T21:00:37-08:00,0,14
resume\index.html,2,html,a99d4876,r4tangUCSD,2025-01-10,21:00:37,-08:00,2025-01-10T21:00:37-08:00,0,15
resume\index.html,3,html,a99d4876,r4tangUCSD,2025-01-10,21:00:37,-08:00,2025-01-10T21:00:37-08:00,0,5
resume\index.html,4,html,a99d4876,r4tangUCSD,2025-01-10,21:00:37,-08:00,2025-01-10T21:00:37-08:00,0,21
resume\index.html,5,html,a99d4876,r4tangUCSD,2025-01-10,21:00:37,-08:00,2025-01-10T21:00:37-08:00,0,69
resume\index.html,6,html,a99d4876,r4tangUCSD,2025-01-10,21:00:37,-08:00,2025-01-10T21:00:37-08:00,0,31
resume\index.html,7,html,158fb8bb,r4tangUCSD,2025-01-18,21:47:02,-08:00,2025-01-18T21:47:02-08:00,0,42
resume\index.html,8,html,2f436271,r4tangUCSD,2025-01-25,21:10:14,-08:00,2025-01-25T21:10:14-08:00,0,49
resume\index.html,9,html,a99d4876,r4tangUCSD,2025-01-10,21:00:37,-08:00,2025-01-10T21:00:37-08:00,0,6
resume\index.html,10,html,a99d4876,r4tangUCSD,2025-01-10,21:00:37,-08:00,2025-01-10T21:00:37-08:00,0,5
resume\index.html,11,html,ac522802,r4tangUCSD,2025-01-18,21:41:31,-08:00,2025-01-18T21:41:31-08:00,0,7
resume\index.html,12,html,ac522802,r4tangUCSD,2025-01-18,21:41:31,-08:00,2025-01-18T21:41:31-08:00,0,14
resume\index.html,13,html,ac522802,r4tangUCSD,2025-01-18,21:41:31,-08:00,2025-01-18T21:41:31-08:00,0,68
resume\index.html,14,html,619b8fca,r4tangUCSD,2025-01-10,21:06:07,-08:00,2025-01-10T21:06:07-08:00,0,134
resume\index.html,15,html,619b8fca,r4tangUCSD,2025-01-10,21:06:07,-08:00,2025-01-10T21:06:07-08:00,0,135
resume\index.html,16,html,ac522802,r4tangUCSD,2025-01-18,21:41:31,-08:00,2025-01-18T21:41:31-08:00,0,8
resume\index.html,17,html,ac522802,r4tangUCSD,2025-01-18,21:41:31,-08:00,2025-01-18T21:41:31-08:00,0,24
resume\index.html,18,html,ac522802,r4tangUCSD,2025-01-18,21:41:31,-08:00,2025-01-18T21:41:31-08:00,0,8
resume\index.html,19,html,ac522802,r4tangUCSD,2025-01-18,21:41:31,-08:00,2025-01-18T21:41:31-08:00,0,25
resume\index.html,20,html,ac522802,r4tangUCSD,2025-01-18,21:41:31,-08:00,2025-01-18T21:41:31-08:00,0,17
resume\index.html,21,html,ac522802,r4tangUCSD,2025-01-18,21:41:31,-08:00,2025-01-18T21:41:31-08:00,0,5
resume\index.html,22,html,ac522802,r4tangUCSD,2025-01-18,21:41:31,-08:00,2025-01-18T21:41:31-08:00,0,63
resume\index.html,23,html,ac522802,r4tangUCSD,2025-01-18,21:41:31,-08:00,2025-01-18T21:41:31-08:00,0,55
resume\index.html,24,html,ac522802,r4tangUCSD,2025-01-18,21:41:31,-08:00,2025-01-18T21:41:31-08:00,0,3
resume\index.html,25,html,ac522802,r4tangUCSD,2025-01-18,21:41:31,-08:00,2025-01-18T21:41:31-08:00,0,22
resume\index.html,26,html,ac522802,r4tangUCSD,2025-01-18,21:41:31,-08:00,2025-01-18T21:41:31-08:00,0,14
resume\index.html,27,html,ac522802,r4tangUCSD,2025-01-18,21:41:31,-08:00,2025-01-18T21:41:31-08:00,0,3
resume\index.html,28,html,ac522802,r4tangUCSD,2025-01-18,21:41:31,-08:00,2025-01-18T21:41:31-08:00,0,84
resume\index.html,29,html,ac522802,r4tangUCSD,2025-01-18,21:41:31,-08:00,2025-01-18T21:41:31-08:00,0,15
resume\index.html,30,html,ac522802,r4tangUCSD,2025-01-18,21:41:31,-08:00,2025-01-18T21:41:31-08:00,0,55
resume\index.html,31,html,ac522802,r4tangUCSD,2025-01-18,21:41:31,-08:00,2025-01-18T21:41:31-08:00,0,112
resume\index.html,32,html,ac522802,r4tangUCSD,2025-01-18,21:41:31,-08:00,2025-01-18T21:41:31-08:00,0,4
resume\index.html,33,html,ac522802,r4tangUCSD,2025-01-18,21:41:31,-08:00,2025-01-18T21:41:31-08:00,0,4
resume\index.html,34,html,ac522802,r4tangUCSD,2025-01-18,21:41:31,-08:00,2025-01-18T21:41:31-08:00,0,4
resume\index.html,35,html,ac522802,r4tangUCSD,2025-01-18,21:41:31,-08:00,2025-01-18T21:41:31-08:00,0,9
resume\index.html,36,html,ac522802,r4tangUCSD,2025-01-18,21:41:31,-08:00,2025-01-18T21:41:31-08:00,0,8
resume\index.html,37,html,ac522802,r4tangUCSD,2025-01-18,21:41:31,-08:00,2025-01-18T21:41:31-08:00,0,25
resume\index.html,38,html,ac522802,r4tangUCSD,2025-01-18,21:41:31,-08:00,2025-01-18T21:41:31-08:00,0,18
resume\index.html,39,html,ac522802,r4tangUCSD,2025-01-18,21:41:31,-08:00,2025-01-18T21:41:31-08:00,0,5
resume\index.html,40,html,ac522802,r4tangUCSD,2025-01-18,21:41:31,-08:00,2025-01-18T21:41:31-08:00,0,42
resume\index.html,41,html,ac522802,r4tangUCSD,2025-01-18,21:41:31,-08:00,2025-01-18T21:41:31-08:00,0,85
resume\index.html,42,html,ac522802,r4tangUCSD,2025-01-18,21:41:31,-08:00,2025-01-18T21:41:31-08:00,0,121
resume\index.html,43,html,ac522802,r4tangUCSD,2025-01-18,21:41:31,-08:00,2025-01-18T21:41:31-08:00,0,20
resume\index.html,44,html,ac522802,r4tangUCSD,2025-01-18,21:41:31,-08:00,2025-01-18T21:41:31-08:00,0,9
resume\index.html,45,html,ac522802,r4tangUCSD,2025-01-18,21:41:31,-08:00,2025-01-18T21:41:31-08:00,0,9
resume\index.html,46,html,ac522802,r4tangUCSD,2025-01-18,21:41:31,-08:00,2025-01-18T21:41:31-08:00,0,5
resume\index.html,47,html,a99d4876,r4tangUCSD,2025-01-10,21:00:37,-08:00,2025-01-10T21:00:37-08:00,0,6
resume\index.html,48,html,a99d4876,r4tangUCSD,2025-01-10,21:00:37,-08:00,2025-01-10T21:00:37-08:00,0,6
projects\projects.js,1,js,1a24eb10,r4tangUCSD,2025-02-08,22:58:55,-08:00,2025-02-08T22:58:55-08:00,0,64
projects\projects.js,2,js,aefd8084,r4tangUCSD,2025-01-31,19:22:28,-08:00,2025-01-31T19:22:28-08:00,0,75
projects\projects.js,3,js,aefd8084,r4tangUCSD,2025-01-31,19:22:28,-08:00,2025-01-31T19:22:28-08:00,0,0
projects\projects.js,4,js,632b114d,r4tangUCSD,2025-02-08,23:06:36,-08:00,2025-02-08T23:06:36-08:00,0,64
projects\projects.js,5,js,aefd8084,r4tangUCSD,2025-01-31,19:22:28,-08:00,2025-01-31T19:22:28-08:00,0,61
projects\projects.js,6,js,aefd8084,r4tangUCSD,2025-01-31,19:22:28,-08:00,2025-01-31T19:22:28-08:00,0,0
projects\projects.js,7,js,1a24eb10,r4tangUCSD,2025-02-08,22:58:55,-08:00,2025-02-08T22:58:55-08:00,0,27
projects\projects.js,8,js,1a24eb10,r4tangUCSD,2025-02-08,22:58:55,-08:00,2025-02-08T22:58:55-08:00,0,8
projects\projects.js,9,js,1a24eb10,r4tangUCSD,2025-02-08,22:58:55,-08:00,2025-02-08T22:58:55-08:00,0,15
projects\projects.js,10,js,1a24eb10,r4tangUCSD,2025-02-08,22:58:55,-08:00,2025-02-08T22:58:55-08:00,0,13
projects\projects.js,11,js,1a24eb10,r4tangUCSD,2025-02-08,22:58:55,-08:00,2025-02-08T22:58:55-08:00,0,1
projects\projects.js,12,js,1a24eb10,r4tangUCSD,2025-02-08,22:58:55,-08:00,2025-02-08T22:58:55-08:00,0,0
projects\projects.js,13,js,1a24eb10,r4tangUCSD,2025-02-08,22:58:55,-08:00,2025-02-08T22:58:55-08:00,0,45
projects\projects.js,14,js,1a24eb10,r4tangUCSD,2025-02-08,22:58:55,-08:00,2025-02-08T22:58:55-08:00,0,36
projects\projects.js,15,js,1a24eb10,r4tangUCSD,2025-02-08,22:58:55,-08:00,2025-02-08T22:58:55-08:00,0,2
projects\projects.js,16,js,1a24eb10,r4tangUCSD,2025-02-08,22:58:55,-08:00,2025-02-08T22:58:55-08:00,0,0
projects\projects.js,17,js,1a24eb10,r4tangUCSD,2025-02-08,22:58:55,-08:00,2025-02-08T22:58:55-08:00,0,51
projects\projects.js,18,js,1a24eb10,r4tangUCSD,2025-02-08,22:58:55,-08:00,2025-02-08T22:58:55-08:00,0,34
projects\projects.js,19,js,1a24eb10,r4tangUCSD,2025-02-08,22:58:55,-08:00,2025-02-08T22:58:55-08:00,0,0
projects\projects.js,20,js,1a24eb10,r4tangUCSD,2025-02-08,22:58:55,-08:00,2025-02-08T22:58:55-08:00,0,58
projects\projects.js,21,js,1a24eb10,r4tangUCSD,2025-02-08,22:58:55,-08:00,2025-02-08T22:58:55-08:00,0,46
projects\projects.js,22,js,1a24eb10,r4tangUCSD,2025-02-08,22:58:55,-08:00,2025-02-08T22:58:55-08:00,0,0
projects\projects.js,23,js,1a24eb10,r4tangUCSD,2025-02-08,22:58:55,-08:00,2025-02-08T22:58:55-08:00,0,43
projects\projects.js,24,js,1a24eb10,r4tangUCSD,2025-02-08,22:58:55,-08:00,2025-02-08T22:58:55-08:00,0,0
projects\projects.js,25,js,1a24eb10,r4tangUCSD,2025-02-08,22:58:55,-08:00,2025-02-08T22:58:55-08:00,0,39
projects\projects.js,26,js,1a24eb10,r4tangUCSD,2025-02-08,22:58:55,-08:00,2025-02-08T22:58:55-08:00,0,30
projects\projects.js,27,js,1a24eb10,r4tangUCSD,2025-02-08,22:58:55,-08:00,2025-02-08T22:58:55-08:00,0,13
projects\projects.js,28,js,1a24eb10,r4tangUCSD,2025-02-08,22:58:55,-08:00,2025-02-08T22:58:55-08:00,0,15
projects\projects.js,29,js,1a24eb10,r4tangUCSD,2025-02-08,22:58:55,-08:00,2025-02-08T22:58:55-08:00,0,13
projects\projects.js,30,js,1a24eb10,r4tangUCSD,2025-02-08,22:58:55,-08:00,2025-02-08T22:58:55-08:00,0,1
projects\projects.js,31,js,1a24eb10,r4tangUCSD,2025-02-08,22:58:55,-08:00,2025-02-08T22:58:55-08:00,0,0
projects\projects.js,32,js,1a24eb10,r4tangUCSD,2025-02-08,22:58:55,-08:00,2025-02-08T22:58:55-08:00,0,51
projects\projects.js,33,js,1a24eb10,r4tangUCSD,2025-02-08,22:58:55,-08:00,2025-02-08T22:58:55-08:00,0,36
projects\projects.js,34,js,1a24eb10,r4tangUCSD,2025-02-08,22:58:55,-08:00,2025-02-08T22:58:55-08:00,0,2
projects\projects.js,35,js,1a24eb10,r4tangUCSD,2025-02-08,22:58:55,-08:00,2025-02-08T22:58:55-08:00,0,0
projects\projects.js,36,js,1a24eb10,r4tangUCSD,2025-02-08,22:58:55,-08:00,2025-02-08T22:58:55-08:00,0,54
projects\projects.js,37,js,1a24eb10,r4tangUCSD,2025-02-08,22:58:55,-08:00,2025-02-08T22:58:55-08:00,0,43
projects\projects.js,38,js,1a24eb10,r4tangUCSD,2025-02-08,22:58:55,-08:00,2025-02-08T22:58:55-08:00,0,52
projects\projects.js,39,js,1a24eb10,r4tangUCSD,2025-02-08,22:58:55,-08:00,2025-02-08T22:58:55-08:00,0,0
projects\projects.js,40,js,1a24eb10,r4tangUCSD,2025-02-08,22:58:55,-08:00,2025-02-08T22:58:55-08:00,0,43
projects\projects.js,41,js,1a24eb10,r4tangUCSD,2025-02-08,22:58:55,-08:00,2025-02-08T22:58:55-08:00,0,30
projects\projects.js,42,js,1a24eb10,r4tangUCSD,2025-02-08,22:58:55,-08:00,2025-02-08T22:58:55-08:00,0,15
projects\projects.js,43,js,1a24eb10,r4tangUCSD,2025-02-08,22:58:55,-08:00,2025-02-08T22:58:55-08:00,0,14
projects\projects.js,44,js,1a24eb10,r4tangUCSD,2025-02-08,22:58:55,-08:00,2025-02-08T22:58:55-08:00,0,14
projects\projects.js,45,js,1a24eb10,r4tangUCSD,2025-02-08,22:58:55,-08:00,2025-02-08T22:58:55-08:00,0,25
projects\projects.js,46,js,1a24eb10,r4tangUCSD,2025-02-08,22:58:55,-08:00,2025-02-08T22:58:55-08:00,0,19
projects\projects.js,47,js,1a24eb10,r4tangUCSD,2025-02-08,22:58:55,-08:00,2025-02-08T22:58:55-08:00,0,48
projects\projects.js,48,js,1a24eb10,r4tangUCSD,2025-02-08,22:58:55,-08:00,2025-02-08T22:58:55-08:00,0,15
projects\projects.js,49,js,1a24eb10,r4tangUCSD,2025-02-08,22:58:55,-08:00,2025-02-08T22:58:55-08:00,0,17
projects\projects.js,50,js,1a24eb10,r4tangUCSD,2025-02-08,22:58:55,-08:00,2025-02-08T22:58:55-08:00,0,25
projects\projects.js,51,js,1a24eb10,r4tangUCSD,2025-02-08,22:58:55,-08:00,2025-02-08T22:58:55-08:00,0,25
projects\projects.js,52,js,1a24eb10,r4tangUCSD,2025-02-08,22:58:55,-08:00,2025-02-08T22:58:55-08:00,0,53
projects\projects.js,53,js,1a24eb10,r4tangUCSD,2025-02-08,22:58:55,-08:00,2025-02-08T22:58:55-08:00,0,0
projects\projects.js,54,js,1a24eb10,r4tangUCSD,2025-02-08,22:58:55,-08:00,2025-02-08T22:58:55-08:00,0,47
projects\projects.js,55,js,1a24eb10,r4tangUCSD,2025-02-08,22:58:55,-08:00,2025-02-08T22:58:55-08:00,0,2
projects\projects.js,56,js,1a24eb10,r4tangUCSD,2025-02-08,22:58:55,-08:00,2025-02-08T22:58:55-08:00,0,19
projects\projects.js,57,js,1a24eb10,r4tangUCSD,2025-02-08,22:58:55,-08:00,2025-02-08T22:58:55-08:00,0,15
projects\projects.js,58,js,1a24eb10,r4tangUCSD,2025-02-08,22:58:55,-08:00,2025-02-08T22:58:55-08:00,0,25
projects\projects.js,59,js,1a24eb10,r4tangUCSD,2025-02-08,22:58:55,-08:00,2025-02-08T22:58:55-08:00,0,25
projects\projects.js,60,js,1a24eb10,r4tangUCSD,2025-02-08,22:58:55,-08:00,2025-02-08T22:58:55-08:00,0,53
projects\projects.js,61,js,1a24eb10,r4tangUCSD,2025-02-08,22:58:55,-08:00,2025-02-08T22:58:55-08:00,0,0
projects\projects.js,62,js,1a24eb10,r4tangUCSD,2025-02-08,22:58:55,-08:00,2025-02-08T22:58:55-08:00,0,47
projects\projects.js,63,js,1a24eb10,r4tangUCSD,2025-02-08,22:58:55,-08:00,2025-02-08T22:58:55-08:00,0,2
projects\projects.js,64,js,1a24eb10,r4tangUCSD,2025-02-08,22:58:55,-08:00,2025-02-08T22:58:55-08:00,0,26
projects\projects.js,65,js,1a24eb10,r4tangUCSD,2025-02-08,22:58:55,-08:00,2025-02-08T22:58:55-08:00,0,49
projects\projects.js,66,js,1a24eb10,r4tangUCSD,2025-02-08,22:58:55,-08:00,2025-02-08T22:58:55-08:00,0,7
projects\projects.js,67,js,1a24eb10,r4tangUCSD,2025-02-08,22:58:55,-08:00,2025-02-08T22:58:55-08:00,0,45
projects\projects.js,68,js,1a24eb10,r4tangUCSD,2025-02-08,22:58:55,-08:00,2025-02-08T22:58:55-08:00,0,80
projects\projects.js,69,js,1a24eb10,r4tangUCSD,2025-02-08,22:58:55,-08:00,2025-02-08T22:58:55-08:00,0,57
projects\projects.js,70,js,1a24eb10,r4tangUCSD,2025-02-08,22:58:55,-08:00,2025-02-08T22:58:55-08:00,0,0
projects\projects.js,71,js,1a24eb10,r4tangUCSD,2025-02-08,22:58:55,-08:00,2025-02-08T22:58:55-08:00,0,1
projects\projects.js,72,js,1a24eb10,r4tangUCSD,2025-02-08,22:58:55,-08:00,2025-02-08T22:58:55-08:00,0,1
projects\projects.js,73,js,1a24eb10,r4tangUCSD,2025-02-08,22:58:55,-08:00,2025-02-08T22:58:55-08:00,0,0
projects\projects.js,74,js,1a24eb10,r4tangUCSD,2025-02-08,22:58:55,-08:00,2025-02-08T22:58:55-08:00,0,33
projects\projects.js,75,js,1a24eb10,r4tangUCSD,2025-02-08,22:58:55,-08:00,2025-02-08T22:58:55-08:00,0,30
projects\projects.js,76,js,1a24eb10,r4tangUCSD,2025-02-08,22:58:55,-08:00,2025-02-08T22:58:55-08:00,0,28
projects\projects.js,77,js,1a24eb10,r4tangUCSD,2025-02-08,22:58:55,-08:00,2025-02-08T22:58:55-08:00,0,18
projects\projects.js,78,js,1a24eb10,r4tangUCSD,2025-02-08,22:58:55,-08:00,2025-02-08T22:58:55-08:00,0,94
projects\projects.js,79,js,1a24eb10,r4tangUCSD,2025-02-08,22:58:55,-08:00,2025-02-08T22:58:55-08:00,0,100
projects\projects.js,80,js,1a24eb10,r4tangUCSD,2025-02-08,22:58:55,-08:00,2025-02-08T22:58:55-08:00,0,1
projects\projects.js,81,js,1a24eb10,r4tangUCSD,2025-02-08,22:58:55,-08:00,2025-02-08T22:58:55-08:00,0,0
projects\projects.js,82,js,1a24eb10,r4tangUCSD,2025-02-08,22:58:55,-08:00,2025-02-08T22:58:55-08:00,0,0
projects\projects.js,83,js,1a24eb10,r4tangUCSD,2025-02-08,22:58:55,-08:00,2025-02-08T22:58:55-08:00,0,24
projects\projects.js,84,js,1a24eb10,r4tangUCSD,2025-02-08,22:58:55,-08:00,2025-02-08T22:58:55-08:00,0,0
projects\projects.js,85,js,1a24eb10,r4tangUCSD,2025-02-08,22:58:55,-08:00,2025-02-08T22:58:55-08:00,0,22
projects\projects.js,86,js,1a24eb10,r4tangUCSD,2025-02-08,22:58:55,-08:00,2025-02-08T22:58:55-08:00,0,26
projects\projects.js,87,js,1a24eb10,r4tangUCSD,2025-02-08,22:58:55,-08:00,2025-02-08T22:58:55-08:00,0,33
projects\projects.js,88,js,1a24eb10,r4tangUCSD,2025-02-08,22:58:55,-08:00,2025-02-08T22:58:55-08:00,0,30
projects\projects.js,89,js,1a24eb10,r4tangUCSD,2025-02-08,22:58:55,-08:00,2025-02-08T22:58:55-08:00,0,25
projects\projects.js,90,js,1a24eb10,r4tangUCSD,2025-02-08,22:58:55,-08:00,2025-02-08T22:58:55-08:00,0,2
projects\projects.js,91,js,1a24eb10,r4tangUCSD,2025-02-08,22:58:55,-08:00,2025-02-08T22:58:55-08:00,0,14
projects\projects.js,92,js,1a24eb10,r4tangUCSD,2025-02-08,22:58:55,-08:00,2025-02-08T22:58:55-08:00,0,14
projects\projects.js,93,js,1a24eb10,r4tangUCSD,2025-02-08,22:58:55,-08:00,2025-02-08T22:58:55-08:00,0,23
projects\projects.js,94,js,1a24eb10,r4tangUCSD,2025-02-08,22:58:55,-08:00,2025-02-08T22:58:55-08:00,0,19
projects\projects.js,95,js,1a24eb10,r4tangUCSD,2025-02-08,22:58:55,-08:00,2025-02-08T22:58:55-08:00,0,44
projects\projects.js,96,js,1a24eb10,r4tangUCSD,2025-02-08,22:58:55,-08:00,2025-02-08T22:58:55-08:00,0,2
projects\projects.js,97,js,1a24eb10,r4tangUCSD,2025-02-08,22:58:55,-08:00,2025-02-08T22:58:55-08:00,0,17
projects\projects.js,98,js,1a24eb10,r4tangUCSD,2025-02-08,22:58:55,-08:00,2025-02-08T22:58:55-08:00,0,27
projects\projects.js,99,js,1a24eb10,r4tangUCSD,2025-02-08,22:58:55,-08:00,2025-02-08T22:58:55-08:00,0,27
projects\projects.js,100,js,1a24eb10,r4tangUCSD,2025-02-08,22:58:55,-08:00,2025-02-08T22:58:55-08:00,0,53
projects\projects.js,101,js,1a24eb10,r4tangUCSD,2025-02-08,22:58:55,-08:00,2025-02-08T22:58:55-08:00,0,0
projects\projects.js,102,js,1a24eb10,r4tangUCSD,2025-02-08,22:58:55,-08:00,2025-02-08T22:58:55-08:00,0,47
projects\projects.js,103,js,1a24eb10,r4tangUCSD,2025-02-08,22:58:55,-08:00,2025-02-08T22:58:55-08:00,0,2
projects\projects.js,104,js,1a24eb10,r4tangUCSD,2025-02-08,22:58:55,-08:00,2025-02-08T22:58:55-08:00,0,5
projects\projects.js,105,js,1a24eb10,r4tangUCSD,2025-02-08,22:58:55,-08:00,2025-02-08T22:58:55-08:00,0,15
projects\projects.js,106,js,1a24eb10,r4tangUCSD,2025-02-08,22:58:55,-08:00,2025-02-08T22:58:55-08:00,0,27
projects\projects.js,107,js,1a24eb10,r4tangUCSD,2025-02-08,22:58:55,-08:00,2025-02-08T22:58:55-08:00,0,27
projects\projects.js,108,js,1a24eb10,r4tangUCSD,2025-02-08,22:58:55,-08:00,2025-02-08T22:58:55-08:00,0,53
projects\projects.js,109,js,1a24eb10,r4tangUCSD,2025-02-08,22:58:55,-08:00,2025-02-08T22:58:55-08:00,0,0
projects\projects.js,110,js,1a24eb10,r4tangUCSD,2025-02-08,22:58:55,-08:00,2025-02-08T22:58:55-08:00,0,47
projects\projects.js,111,js,1a24eb10,r4tangUCSD,2025-02-08,22:58:55,-08:00,2025-02-08T22:58:55-08:00,0,2
projects\projects.js,112,js,1a24eb10,r4tangUCSD,2025-02-08,22:58:55,-08:00,2025-02-08T22:58:55-08:00,0,26
projects\projects.js,113,js,1a24eb10,r4tangUCSD,2025-02-08,22:58:55,-08:00,2025-02-08T22:58:55-08:00,0,49
projects\projects.js,114,js,1a24eb10,r4tangUCSD,2025-02-08,22:58:55,-08:00,2025-02-08T22:58:55-08:00,0,7
projects\projects.js,115,js,1a24eb10,r4tangUCSD,2025-02-08,22:58:55,-08:00,2025-02-08T22:58:55-08:00,0,45
projects\projects.js,116,js,1a24eb10,r4tangUCSD,2025-02-08,22:58:55,-08:00,2025-02-08T22:58:55-08:00,0,80
projects\projects.js,117,js,1a24eb10,r4tangUCSD,2025-02-08,22:58:55,-08:00,2025-02-08T22:58:55-08:00,0,57
projects\projects.js,118,js,1a24eb10,r4tangUCSD,2025-02-08,22:58:55,-08:00,2025-02-08T22:58:55-08:00,0,0
projects\projects.js,119,js,1a24eb10,r4tangUCSD,2025-02-08,22:58:55,-08:00,2025-02-08T22:58:55-08:00,0,2
projects\projects.js,120,js,1a24eb10,r4tangUCSD,2025-02-08,22:58:55,-08:00,2025-02-08T22:58:55-08:00,0,2
projects\projects.js,121,js,1a24eb10,r4tangUCSD,2025-02-08,22:58:55,-08:00,2025-02-08T22:58:55-08:00,0,0
projects\projects.js,122,js,1a24eb10,r4tangUCSD,2025-02-08,22:58:55,-08:00,2025-02-08T22:58:55-08:00,0,14
projects\projects.js,123,js,1a24eb10,r4tangUCSD,2025-02-08,22:58:55,-08:00,2025-02-08T22:58:55-08:00,0,54
projects\projects.js,124,js,1a24eb10,r4tangUCSD,2025-02-08,22:58:55,-08:00,2025-02-08T22:58:55-08:00,0,50
projects\projects.js,125,js,1a24eb10,r4tangUCSD,2025-02-08,22:58:55,-08:00,2025-02-08T22:58:55-08:00,0,20
projects\projects.js,126,js,1a24eb10,r4tangUCSD,2025-02-08,22:58:55,-08:00,2025-02-08T22:58:55-08:00,0,26
projects\projects.js,127,js,1a24eb10,r4tangUCSD,2025-02-08,22:58:55,-08:00,2025-02-08T22:58:55-08:00,0,17
projects\projects.js,128,js,1a24eb10,r4tangUCSD,2025-02-08,22:58:55,-08:00,2025-02-08T22:58:55-08:00,0,52
projects\projects.js,129,js,1a24eb10,r4tangUCSD,2025-02-08,22:58:55,-08:00,2025-02-08T22:58:55-08:00,0,60
projects\projects.js,130,js,1a24eb10,r4tangUCSD,2025-02-08,22:58:55,-08:00,2025-02-08T22:58:55-08:00,0,43
projects\projects.js,131,js,1a24eb10,r4tangUCSD,2025-02-08,22:58:55,-08:00,2025-02-08T22:58:55-08:00,0,2
projects\projects.js,132,js,1a24eb10,r4tangUCSD,2025-02-08,22:58:55,-08:00,2025-02-08T22:58:55-08:00,0,26
projects\projects.js,133,js,1a24eb10,r4tangUCSD,2025-02-08,22:58:55,-08:00,2025-02-08T22:58:55-08:00,0,18
projects\projects.js,134,js,1a24eb10,r4tangUCSD,2025-02-08,22:58:55,-08:00,2025-02-08T22:58:55-08:00,0,57
projects\projects.js,135,js,1a24eb10,r4tangUCSD,2025-02-08,22:58:55,-08:00,2025-02-08T22:58:55-08:00,0,32
projects\projects.js,136,js,1a24eb10,r4tangUCSD,2025-02-08,22:58:55,-08:00,2025-02-08T22:58:55-08:00,0,2
projects\projects.js,137,js,1a24eb10,r4tangUCSD,2025-02-08,22:58:55,-08:00,2025-02-08T22:58:55-08:00,0,0
projects\projects.js,138,js,aefd8084,r4tangUCSD,2025-01-31,19:22:28,-08:00,2025-01-31T19:22:28-08:00,0,28
projects\projects.js,139,js,aefd8084,r4tangUCSD,2025-01-31,19:22:28,-08:00,2025-01-31T19:22:28-08:00,0,49
projects\index.html,1,html,0ce9aac2,r4tangUCSD,2025-01-10,20:21:56,-08:00,2025-01-10T20:21:56-08:00,0,14
projects\index.html,2,html,0ce9aac2,r4tangUCSD,2025-01-10,20:21:56,-08:00,2025-01-10T20:21:56-08:00,0,15
projects\index.html,3,html,0ce9aac2,r4tangUCSD,2025-01-10,20:21:56,-08:00,2025-01-10T20:21:56-08:00,0,5
projects\index.html,4,html,0ce9aac2,r4tangUCSD,2025-01-10,20:21:56,-08:00,2025-01-10T20:21:56-08:00,0,21
projects\index.html,5,html,0ce9aac2,r4tangUCSD,2025-01-10,20:21:56,-08:00,2025-01-10T20:21:56-08:00,0,69
projects\index.html,6,html,0ce9aac2,r4tangUCSD,2025-01-10,20:21:56,-08:00,2025-01-10T20:21:56-08:00,0,33
projects\index.html,7,html,158fb8bb,r4tangUCSD,2025-01-18,21:47:02,-08:00,2025-01-18T21:47:02-08:00,0,42
projects\index.html,8,html,aefd8084,r4tangUCSD,2025-01-31,19:22:28,-08:00,2025-01-31T19:22:28-08:00,0,49
projects\index.html,9,html,aefd8084,r4tangUCSD,2025-01-31,19:22:28,-08:00,2025-01-31T19:22:28-08:00,0,48
projects\index.html,10,html,0ce9aac2,r4tangUCSD,2025-01-10,20:21:56,-08:00,2025-01-10T20:21:56-08:00,0,6
projects\index.html,11,html,a99d4876,r4tangUCSD,2025-01-10,21:00:37,-08:00,2025-01-10T21:00:37-08:00,0,5
projects\index.html,12,html,aefd8084,r4tangUCSD,2025-01-31,19:22:28,-08:00,2025-01-31T19:22:28-08:00,0,39
projects\index.html,13,html,1a24eb10,r4tangUCSD,2025-02-08,22:58:55,-08:00,2025-02-08T22:58:55-08:00,0,22
projects\index.html,14,html,1a24eb10,r4tangUCSD,2025-02-08,22:58:55,-08:00,2025-02-08T22:58:55-08:00,0,53
projects\index.html,15,html,1a24eb10,r4tangUCSD,2025-02-08,22:58:55,-08:00,2025-02-08T22:58:55-08:00,0,0
projects\index.html,16,html,1a24eb10,r4tangUCSD,2025-02-08,22:58:55,-08:00,2025-02-08T22:58:55-08:00,0,5
projects\index.html,17,html,1a24eb10,r4tangUCSD,2025-02-08,22:58:55,-08:00,2025-02-08T22:58:55-08:00,0,18
projects\index.html,18,html,1a24eb10,r4tangUCSD,2025-02-08,22:58:55,-08:00,2025-02-08T22:58:55-08:00,0,0
projects\index.html,19,html,1a24eb10,r4tangUCSD,2025-02-08,22:58:55,-08:00,2025-02-08T22:58:55-08:00,0,4
projects\index.html,20,html,1a24eb10,r4tangUCSD,2025-02-08,22:58:55,-08:00,2025-02-08T22:58:55-08:00,0,5
projects\index.html,21,html,1a24eb10,r4tangUCSD,2025-02-08,22:58:55,-08:00,2025-02-08T22:58:55-08:00,0,5
projects\index.html,22,html,1a24eb10,r4tangUCSD,2025-02-08,22:58:55,-08:00,2025-02-08T22:58:55-08:00,0,16
projects\index.html,23,html,1a24eb10,r4tangUCSD,2025-02-08,22:58:55,-08:00,2025-02-08T22:58:55-08:00,0,12
projects\index.html,24,html,1a24eb10,r4tangUCSD,2025-02-08,22:58:55,-08:00,2025-02-08T22:58:55-08:00,0,27
projects\index.html,25,html,1a24eb10,r4tangUCSD,2025-02-08,22:58:55,-08:00,2025-02-08T22:58:55-08:00,0,32
projects\index.html,26,html,1a24eb10,r4tangUCSD,2025-02-08,22:58:55,-08:00,2025-02-08T22:58:55-08:00,0,1
projects\index.html,27,html,1a24eb10,r4tangUCSD,2025-02-08,22:58:55,-08:00,2025-02-08T22:58:55-08:00,0,0
projects\index.html,28,html,fef3278f,r4tangUCSD,2025-01-18,21:08:28,-08:00,2025-01-18T21:08:28-08:00,0,21
projects\index.html,29,html,aefd8084,r4tangUCSD,2025-01-31,19:22:28,-08:00,2025-01-31T19:22:28-08:00,0,0
projects\index.html,30,html,fef3278f,r4tangUCSD,2025-01-18,21:08:28,-08:00,2025-01-18T21:08:28-08:00,0,5
projects\index.html,31,html,fef3278f,r4tangUCSD,2025-01-18,21:08:28,-08:00,2025-01-18T21:08:28-08:00,0,0
projects\index.html,32,html,0ce9aac2,r4tangUCSD,2025-01-10,20:21:56,-08:00,2025-01-10T20:21:56-08:00,0,6
projects\index.html,33,html,0ce9aac2,r4tangUCSD,2025-01-10,20:21:56,-08:00,2025-01-10T20:21:56-08:00,0,6
contact\index.html,1,html,db3b33b4,r4tangUCSD,2025-01-10,20:32:36,-08:00,2025-01-10T20:32:36-08:00,0,14
contact\index.html,2,html,db3b33b4,r4tangUCSD,2025-01-10,20:32:36,-08:00,2025-01-10T20:32:36-08:00,0,15
contact\index.html,3,html,db3b33b4,r4tangUCSD,2025-01-10,20:32:36,-08:00,2025-01-10T20:32:36-08:00,0,5
contact\index.html,4,html,db3b33b4,r4tangUCSD,2025-01-10,20:32:36,-08:00,2025-01-10T20:32:36-08:00,0,21
contact\index.html,5,html,db3b33b4,r4tangUCSD,2025-01-10,20:32:36,-08:00,2025-01-10T20:32:36-08:00,0,69
contact\index.html,6,html,db3b33b4,r4tangUCSD,2025-01-10,20:32:36,-08:00,2025-01-10T20:32:36-08:00,0,32
contact\index.html,7,html,158fb8bb,r4tangUCSD,2025-01-18,21:47:02,-08:00,2025-01-18T21:47:02-08:00,0,42
contact\index.html,8,html,2f436271,r4tangUCSD,2025-01-25,21:10:14,-08:00,2025-01-25T21:10:14-08:00,0,49
contact\index.html,9,html,db3b33b4,r4tangUCSD,2025-01-10,20:32:36,-08:00,2025-01-10T20:32:36-08:00,0,6
contact\index.html,10,html,db3b33b4,r4tangUCSD,2025-01-10,20:32:36,-08:00,2025-01-10T20:32:36-08:00,0,5
contact\index.html,11,html,db3b33b4,r4tangUCSD,2025-01-10,20:32:36,-08:00,2025-01-10T20:32:36-08:00,0,15
contact\index.html,12,html,3bbb9d8f,r4tangUCSD,2025-01-10,20:39:55,-08:00,2025-01-10T20:39:55-08:00,0,74
contact\index.html,13,html,c88fb88d,r4tangUCSD,2025-01-10,20:56:19,-08:00,2025-01-10T20:56:19-08:00,0,55
contact\index.html,14,html,92f0a9af,r4tangUCSD,2025-01-10,21:43:45,-08:00,2025-01-10T21:43:45-08:00,0,45
contact\index.html,15,html,c88fb88d,r4tangUCSD,2025-01-10,20:56:19,-08:00,2025-01-10T20:56:19-08:00,0,53
contact\index.html,16,html,a085d4fc,r4tangUCSD,2025-01-10,21:02:48,-08:00,2025-01-10T21:02:48-08:00,0,22
contact\index.html,17,html,3bbb9d8f,r4tangUCSD,2025-01-10,20:39:55,-08:00,2025-01-10T20:39:55-08:00,0,6
contact\index.html,18,html,db3b33b4,r4tangUCSD,2025-01-10,20:32:36,-08:00,2025-01-10T20:32:36-08:00,0,6
contact\index.html,19,html,db3b33b4,r4tangUCSD,2025-01-10,20:32:36,-08:00,2025-01-10T20:32:36-08:00,0,6
